"id_event"|"id_appareil"|"event"|"date_complete"
1|"CAM001"|"ON"|"2025-06-01 18:41:20"
2|"CAM001"|"OFF"|"2025-06-01 19:02:20"
3|"CAM001"|"ON"|"2025-06-01 19:33:20"
4|"CAM006"|"ON"|"2025-06-01 19:46:20"
5|"CAM002"|"ON"|"2025-06-01 20:03:20"
6|"CAM008"|"ON"|"2025-06-01 20:16:20"
7|"CAM003"|"ON"|"2025-06-01 20:25:20"
8|"CAM003"|"OFF"|"2025-06-01 20:48:20"
9|"CAM005"|"ON"|"2025-06-01 21:15:20"
10|"CAM007"|"ON"|"2025-06-01 21:17:20"
11|"CAM006"|"OFF"|"2025-06-01 21:25:20"
12|"CAM008"|"OFF"|"2025-06-01 21:55:20"
13|"CAM002"|"OFF"|"2025-06-01 22:17:20"
14|"CAM010"|"ON"|"2025-06-01 22:36:20"
15|"CAM003"|"ON"|"2025-06-01 22:58:20"
16|"CAM004"|"ON"|"2025-06-01 23:23:20"
17|"CAM002"|"ON"|"2025-06-01 23:43:20"
18|"CAM009"|"ON"|"2025-06-01 23:53:20"
19|"CAM009"|"OFF"|"2025-06-02 13:22:31"
20|"CAM004"|"OFF"|"2025-06-02 15:41:15"
21|"CAM003"|"OFF"|"2025-06-02 16:09:15"
22|"CAM010"|"OFF"|"2025-06-02 16:25:15"
23|"CAM007"|"OFF"|"2025-06-02 16:34:15"
24|"CAM004"|"ON"|"2025-06-02 16:40:15"
25|"CAM008"|"ON"|"2025-06-02 16:53:11"
26|"CAM001"|"OFF"|"2025-06-02 17:09:11"
27|"CAM010"|"ON"|"2025-06-02 17:19:11"
28|"CAM005"|"OFF"|"2025-06-02 17:50:11"
29|"CAM003"|"ON"|"2025-06-02 18:16:11"
30|"CAM003"|"OFF"|"2025-06-02 18:31:11"
31|"CAM001"|"ON"|"2025-06-02 18:52:11"
32|"CAM010"|"OFF"|"2025-06-02 19:11:11"
33|"CAM008"|"OFF"|"2025-06-02 19:24:11"
34|"CAM004"|"OFF"|"2025-06-02 19:30:11"
35|"CAM008"|"ON"|"2025-06-02 19:38:11"
36|"CAM005"|"ON"|"2025-06-02 19:52:11"
37|"CAM008"|"OFF"|"2025-06-02 20:02:11"
38|"CAM005"|"OFF"|"2025-06-02 20:18:11"
39|"CAM010"|"ON"|"2025-06-02 20:22:11"
40|"CAM004"|"ON"|"2025-06-02 20:28:11"
41|"CAM009"|"ON"|"2025-06-02 20:30:11"
42|"CAM008"|"ON"|"2025-06-02 20:55:11"
43|"CAM009"|"OFF"|"2025-06-02 21:20:11"
44|"CAM006"|"ON"|"2025-06-02 21:26:11"
45|"CAM007"|"ON"|"2025-06-02 21:29:11"
46|"CAM007"|"OFF"|"2025-06-02 21:41:11"
47|"CAM004"|"OFF"|"2025-06-02 21:55:11"
48|"CAM006"|"OFF"|"2025-06-02 22:22:11"
49|"CAM002"|"OFF"|"2025-06-02 22:43:11"
50|"CAM006"|"ON"|"2025-06-02 23:01:11"
51|"CAM005"|"ON"|"2025-06-02 23:24:11"
52|"CAM005"|"OFF"|"2025-06-02 23:29:11"
53|"CAM007"|"ON"|"2025-06-02 23:56:11"
54|"CAM010"|"OFF"|"2025-06-03 11:41:00"
55|"CAM001"|"OFF"|"2025-06-03 15:18:45"
56|"CAM002"|"ON"|"2025-06-03 15:31:45"
57|"CAM004"|"ON"|"2025-06-03 19:41:07"
58|"CAM006"|"OFF"|"2025-06-03 19:56:07"
59|"CAM007"|"OFF"|"2025-06-03 20:12:07"
60|"CAM008"|"OFF"|"2025-06-03 20:15:07"
61|"CAM007"|"ON"|"2025-06-03 20:22:07"
62|"CAM008"|"ON"|"2025-06-03 20:24:07"
63|"CAM005"|"ON"|"2025-06-03 20:45:07"
64|"CAM005"|"OFF"|"2025-06-03 21:16:07"
65|"CAM001"|"ON"|"2025-06-03 21:45:07"
66|"CAM001"|"OFF"|"2025-06-03 22:06:07"
67|"CAM002"|"OFF"|"2025-06-03 22:32:07"
68|"CAM005"|"ON"|"2025-06-03 23:02:07"
69|"CAM008"|"OFF"|"2025-06-03 23:15:07"
70|"CAM009"|"ON"|"2025-06-03 23:32:07"
71|"CAM002"|"ON"|"2025-06-04 14:26:47"
72|"CAM009"|"OFF"|"2025-06-04 15:16:33"
73|"CAM006"|"ON"|"2025-06-04 15:25:33"
74|"CAM009"|"ON"|"2025-06-04 15:42:33"
75|"CAM005"|"OFF"|"2025-06-04 19:09:31"
76|"CAM010"|"ON"|"2025-06-04 19:26:31"
77|"CAM007"|"OFF"|"2025-06-04 19:41:31"
78|"CAM004"|"OFF"|"2025-06-04 19:53:31"
79|"CAM009"|"OFF"|"2025-06-04 20:23:31"
80|"CAM007"|"ON"|"2025-06-04 20:40:31"
81|"CAM009"|"ON"|"2025-06-04 20:59:31"
82|"CAM005"|"ON"|"2025-06-04 21:05:31"
83|"CAM002"|"OFF"|"2025-06-04 21:13:31"
84|"CAM001"|"ON"|"2025-06-04 21:19:31"
85|"CAM006"|"OFF"|"2025-06-04 21:39:31"
86|"CAM003"|"ON"|"2025-06-04 21:48:31"
87|"CAM010"|"OFF"|"2025-06-04 21:51:31"
88|"CAM003"|"OFF"|"2025-06-04 22:19:31"
89|"CAM009"|"OFF"|"2025-06-04 22:34:31"
90|"CAM008"|"ON"|"2025-06-04 23:01:31"
91|"CAM003"|"ON"|"2025-06-04 23:26:31"
92|"CAM001"|"OFF"|"2025-06-04 23:55:31"
93|"CAM007"|"OFF"|"2025-06-05 08:08:15"
94|"CAM001"|"ON"|"2025-06-05 11:07:32"
95|"CAM005"|"OFF"|"2025-06-05 15:17:28"
96|"CAM008"|"OFF"|"2025-06-05 15:40:28"
97|"CAM008"|"ON"|"2025-06-05 15:52:28"
98|"CAM007"|"ON"|"2025-06-05 16:33:22"
99|"CAM004"|"ON"|"2025-06-05 16:56:06"
100|"CAM005"|"ON"|"2025-06-05 17:17:06"
101|"CAM007"|"OFF"|"2025-06-05 17:28:06"
102|"CAM004"|"OFF"|"2025-06-05 17:52:06"
103|"CAM010"|"ON"|"2025-06-05 18:02:06"
104|"CAM001"|"OFF"|"2025-06-05 19:56:57"
105|"CAM008"|"OFF"|"2025-06-05 20:08:57"
106|"CAM001"|"ON"|"2025-06-05 20:22:57"
107|"CAM009"|"ON"|"2025-06-05 20:38:57"
108|"CAM004"|"ON"|"2025-06-05 20:42:57"
109|"CAM002"|"ON"|"2025-06-05 20:57:57"
110|"CAM003"|"OFF"|"2025-06-05 21:20:57"
111|"CAM010"|"OFF"|"2025-06-05 21:36:57"
112|"CAM007"|"ON"|"2025-06-05 21:59:57"
113|"CAM001"|"OFF"|"2025-06-05 22:09:57"
114|"CAM009"|"OFF"|"2025-06-05 22:30:57"
115|"CAM002"|"OFF"|"2025-06-05 22:47:57"
116|"CAM008"|"ON"|"2025-06-05 23:14:57"
117|"CAM008"|"OFF"|"2025-06-05 23:26:57"
118|"CAM001"|"ON"|"2025-06-05 23:37:57"
119|"CAM004"|"OFF"|"2025-06-06 00:00:57"
120|"CAM007"|"OFF"|"2025-06-06 17:44:53"
121|"CAM009"|"ON"|"2025-06-06 18:53:09"
122|"CAM001"|"OFF"|"2025-06-06 19:20:09"
123|"CAM007"|"ON"|"2025-06-06 19:37:09"
124|"CAM010"|"ON"|"2025-06-06 19:43:09"
125|"CAM010"|"OFF"|"2025-06-06 19:50:09"
126|"CAM008"|"ON"|"2025-06-06 20:17:09"
127|"CAM009"|"OFF"|"2025-06-06 20:42:09"
128|"CAM004"|"ON"|"2025-06-06 20:54:09"
129|"CAM003"|"ON"|"2025-06-06 21:12:09"
130|"CAM005"|"OFF"|"2025-06-06 21:35:09"
131|"CAM002"|"ON"|"2025-06-06 21:39:09"
132|"CAM004"|"OFF"|"2025-06-06 22:08:09"
133|"CAM004"|"ON"|"2025-06-06 22:35:09"
134|"CAM009"|"ON"|"2025-06-06 22:45:09"
135|"CAM001"|"ON"|"2025-06-06 23:07:09"
136|"CAM002"|"OFF"|"2025-06-06 23:37:09"
137|"CAM010"|"ON"|"2025-06-06 23:56:09"
138|"CAM007"|"OFF"|"2025-06-07 11:43:24"
139|"CAM004"|"OFF"|"2025-06-07 17:55:21"
140|"CAM001"|"OFF"|"2025-06-07 18:21:21"
141|"CAM004"|"ON"|"2025-06-07 18:37:21"
142|"CAM007"|"ON"|"2025-06-07 18:51:21"
143|"CAM003"|"OFF"|"2025-06-07 19:14:21"
144|"CAM009"|"OFF"|"2025-06-07 19:34:21"
145|"CAM010"|"OFF"|"2025-06-07 19:57:21"
146|"CAM008"|"OFF"|"2025-06-07 20:21:21"
147|"CAM002"|"ON"|"2025-06-07 20:52:21"
148|"CAM001"|"ON"|"2025-06-07 21:04:21"
149|"CAM010"|"ON"|"2025-06-07 21:25:21"
150|"CAM004"|"OFF"|"2025-06-07 21:40:21"
151|"CAM008"|"ON"|"2025-06-07 22:08:21"
152|"CAM003"|"ON"|"2025-06-07 22:11:21"
153|"CAM008"|"OFF"|"2025-06-07 22:17:21"
154|"CAM004"|"ON"|"2025-06-07 22:35:21"
155|"CAM009"|"ON"|"2025-06-07 22:57:21"
156|"CAM008"|"ON"|"2025-06-07 23:18:21"
157|"CAM002"|"OFF"|"2025-06-07 23:47:21"
158|"CAM008"|"OFF"|"2025-06-08 17:48:48"
159|"CAM005"|"ON"|"2025-06-08 18:11:48"
160|"CAM008"|"ON"|"2025-06-08 18:35:48"
161|"CAM001"|"OFF"|"2025-06-08 19:03:48"
162|"CAM007"|"OFF"|"2025-06-08 19:21:48"
163|"CAM002"|"ON"|"2025-06-08 19:44:48"
164|"CAM001"|"ON"|"2025-06-08 20:04:48"
165|"CAM007"|"ON"|"2025-06-08 20:16:48"
166|"CAM002"|"OFF"|"2025-06-08 20:23:48"
167|"CAM010"|"OFF"|"2025-06-08 20:37:48"
168|"CAM001"|"OFF"|"2025-06-08 21:05:48"
169|"CAM009"|"OFF"|"2025-06-08 21:33:48"
170|"CAM009"|"ON"|"2025-06-08 21:46:48"
171|"CAM010"|"ON"|"2025-06-08 21:54:48"
172|"CAM010"|"OFF"|"2025-06-08 22:23:48"
173|"CAM010"|"ON"|"2025-06-08 22:48:48"
174|"CAM010"|"OFF"|"2025-06-08 22:55:48"
175|"CAM009"|"OFF"|"2025-06-08 23:14:48"
176|"CAM009"|"ON"|"2025-06-08 23:23:48"
177|"CAM009"|"OFF"|"2025-06-08 23:43:48"
178|"CAM002"|"ON"|"2025-06-09 16:05:00"
179|"CAM007"|"OFF"|"2025-06-09 16:14:00"
180|"CAM002"|"OFF"|"2025-06-09 19:46:43"
181|"CAM004"|"OFF"|"2025-06-09 19:58:43"
182|"CAM010"|"ON"|"2025-06-09 20:16:43"
183|"CAM005"|"OFF"|"2025-06-09 20:32:43"
184|"CAM010"|"OFF"|"2025-06-09 20:36:43"
185|"CAM003"|"OFF"|"2025-06-09 20:56:43"
186|"CAM006"|"ON"|"2025-06-09 20:58:43"
187|"CAM001"|"ON"|"2025-06-09 21:27:43"
188|"CAM010"|"ON"|"2025-06-09 21:53:43"
189|"CAM001"|"OFF"|"2025-06-09 22:19:43"
190|"CAM001"|"ON"|"2025-06-09 22:50:43"
191|"CAM003"|"ON"|"2025-06-09 23:07:43"
192|"CAM001"|"OFF"|"2025-06-09 23:18:43"
193|"CAM005"|"ON"|"2025-06-09 23:26:43"
194|"CAM010"|"OFF"|"2025-06-09 23:42:43"
195|"CAM004"|"ON"|"2025-06-09 23:50:43"
196|"CAM008"|"OFF"|"2025-06-10 16:17:37"
197|"CAM005"|"OFF"|"2025-06-10 16:48:37"
198|"CAM007"|"ON"|"2025-06-10 17:08:37"
199|"CAM007"|"OFF"|"2025-06-10 17:27:37"
200|"CAM006"|"OFF"|"2025-06-10 22:38:46"
201|"CAM007"|"ON"|"2025-06-10 23:03:46"
202|"CAM009"|"ON"|"2025-06-10 23:21:46"
203|"CAM010"|"ON"|"2025-06-10 23:39:46"
204|"CAM001"|"ON"|"2025-06-10 23:52:46"
205|"CAM001"|"OFF"|"2025-06-11 14:51:28"
206|"CAM007"|"OFF"|"2025-06-11 19:45:50"
207|"CAM008"|"ON"|"2025-06-11 20:09:50"
208|"CAM009"|"OFF"|"2025-06-11 20:38:50"
209|"CAM002"|"ON"|"2025-06-11 20:52:50"
210|"CAM007"|"ON"|"2025-06-11 21:13:50"
211|"CAM002"|"OFF"|"2025-06-11 21:43:50"
212|"CAM002"|"ON"|"2025-06-11 22:07:50"
213|"CAM008"|"OFF"|"2025-06-11 22:34:50"
214|"CAM006"|"ON"|"2025-06-11 22:54:50"
215|"CAM005"|"ON"|"2025-06-11 23:13:50"
216|"CAM004"|"OFF"|"2025-06-11 23:29:50"
217|"CAM008"|"ON"|"2025-06-11 23:44:50"
218|"CAM004"|"ON"|"2025-06-11 23:55:50"
219|"CAM006"|"OFF"|"2025-06-12 15:05:13"
220|"CAM006"|"ON"|"2025-06-12 17:47:28"
221|"CAM008"|"OFF"|"2025-06-12 17:51:28"
222|"CAM005"|"OFF"|"2025-06-12 18:04:28"
223|"CAM003"|"OFF"|"2025-06-12 18:09:28"
224|"CAM004"|"OFF"|"2025-06-12 22:07:49"
225|"CAM005"|"ON"|"2025-06-12 22:13:49"
226|"CAM003"|"ON"|"2025-06-12 22:18:49"
227|"CAM007"|"OFF"|"2025-06-12 22:49:49"
228|"CAM006"|"OFF"|"2025-06-12 23:14:49"
229|"CAM009"|"ON"|"2025-06-12 23:37:49"
230|"CAM010"|"OFF"|"2025-06-12 23:59:49"
231|"CAM006"|"ON"|"2025-06-13 10:44:50"
232|"CAM004"|"ON"|"2025-06-13 11:06:50"
233|"CAM010"|"ON"|"2025-06-13 11:21:50"
234|"CAM010"|"OFF"|"2025-06-13 17:49:37"
235|"CAM003"|"OFF"|"2025-06-13 19:14:55"
236|"CAM004"|"OFF"|"2025-06-13 19:29:55"
237|"CAM004"|"ON"|"2025-06-13 19:43:55"
238|"CAM001"|"ON"|"2025-06-13 20:09:55"
239|"CAM009"|"OFF"|"2025-06-13 20:12:55"
240|"CAM001"|"OFF"|"2025-06-13 20:21:55"
241|"CAM008"|"ON"|"2025-06-13 20:36:55"
242|"CAM006"|"OFF"|"2025-06-13 20:52:55"
243|"CAM009"|"ON"|"2025-06-13 21:11:55"
244|"CAM007"|"ON"|"2025-06-13 21:32:55"
245|"CAM003"|"ON"|"2025-06-13 22:03:55"
246|"CAM002"|"OFF"|"2025-06-13 22:09:55"
247|"CAM006"|"ON"|"2025-06-13 22:21:55"
248|"CAM010"|"ON"|"2025-06-13 22:32:55"
249|"CAM009"|"OFF"|"2025-06-13 22:37:55"
250|"CAM010"|"OFF"|"2025-06-13 23:05:55"
251|"CAM010"|"ON"|"2025-06-13 23:26:55"
252|"CAM007"|"OFF"|"2025-06-13 23:51:55"
253|"CAM009"|"ON"|"2025-06-14 09:23:46"
254|"CAM004"|"OFF"|"2025-06-14 14:29:43"
255|"CAM008"|"OFF"|"2025-06-14 14:49:43"
256|"CAM005"|"OFF"|"2025-06-14 14:57:43"
257|"CAM005"|"ON"|"2025-06-14 15:19:43"
258|"CAM003"|"OFF"|"2025-06-14 18:55:10"
259|"CAM010"|"OFF"|"2025-06-14 19:02:10"
260|"CAM004"|"ON"|"2025-06-14 19:16:10"
261|"CAM001"|"ON"|"2025-06-14 19:37:10"
262|"CAM001"|"OFF"|"2025-06-14 19:40:10"
263|"CAM009"|"OFF"|"2025-06-14 20:05:10"
264|"CAM004"|"OFF"|"2025-06-14 20:26:10"
265|"CAM007"|"ON"|"2025-06-14 20:28:10"
266|"CAM003"|"ON"|"2025-06-14 20:47:10"
267|"CAM007"|"OFF"|"2025-06-14 21:12:10"
268|"CAM006"|"OFF"|"2025-06-14 21:37:10"
269|"CAM009"|"ON"|"2025-06-14 22:03:10"
270|"CAM006"|"ON"|"2025-06-14 22:23:10"
271|"CAM010"|"ON"|"2025-06-14 22:39:10"
272|"CAM008"|"ON"|"2025-06-14 22:50:10"
273|"CAM005"|"OFF"|"2025-06-14 23:20:10"
274|"CAM003"|"OFF"|"2025-06-14 23:51:10"
275|"CAM010"|"OFF"|"2025-06-15 09:48:45"
276|"CAM004"|"ON"|"2025-06-15 10:04:45"
277|"CAM003"|"ON"|"2025-06-15 11:33:45"
278|"CAM007"|"ON"|"2025-06-15 19:07:19"
279|"CAM005"|"ON"|"2025-06-15 19:35:03"
280|"CAM005"|"OFF"|"2025-06-15 19:58:03"
281|"CAM010"|"ON"|"2025-06-15 20:18:03"
282|"CAM008"|"OFF"|"2025-06-15 20:47:03"
283|"CAM009"|"OFF"|"2025-06-15 20:59:03"
284|"CAM003"|"OFF"|"2025-06-15 21:30:03"
285|"CAM009"|"ON"|"2025-06-15 21:45:03"
286|"CAM004"|"OFF"|"2025-06-15 21:58:03"
287|"CAM008"|"ON"|"2025-06-15 22:21:03"
288|"CAM004"|"ON"|"2025-06-15 22:28:03"
289|"CAM002"|"ON"|"2025-06-15 22:49:03"
290|"CAM007"|"OFF"|"2025-06-15 22:56:03"
291|"CAM008"|"OFF"|"2025-06-15 23:07:03"
292|"CAM003"|"ON"|"2025-06-15 23:34:03"
293|"CAM008"|"ON"|"2025-06-15 23:57:03"
294|"CAM007"|"ON"|"2025-06-16 13:00:06"
295|"CAM002"|"OFF"|"2025-06-16 16:12:08"
296|"CAM003"|"OFF"|"2025-06-16 16:26:08"
297|"CAM007"|"OFF"|"2025-06-16 17:30:07"
298|"CAM007"|"ON"|"2025-06-16 17:54:07"
299|"CAM010"|"OFF"|"2025-06-16 18:22:07"
300|"CAM010"|"ON"|"2025-06-16 18:29:07"
301|"CAM010"|"OFF"|"2025-06-16 18:45:07"
302|"CAM002"|"ON"|"2025-06-16 19:08:15"
303|"CAM003"|"ON"|"2025-06-16 19:36:15"
304|"CAM005"|"ON"|"2025-06-16 19:56:15"
305|"CAM009"|"OFF"|"2025-06-16 20:10:15"
306|"CAM004"|"OFF"|"2025-06-16 20:17:15"
307|"CAM009"|"ON"|"2025-06-16 20:38:15"
308|"CAM007"|"OFF"|"2025-06-16 21:03:15"
309|"CAM002"|"OFF"|"2025-06-16 21:08:15"
310|"CAM002"|"ON"|"2025-06-16 21:16:15"
311|"CAM005"|"OFF"|"2025-06-16 21:39:15"
312|"CAM009"|"OFF"|"2025-06-16 22:03:15"
313|"CAM003"|"OFF"|"2025-06-16 22:23:15"
314|"CAM006"|"OFF"|"2025-06-16 22:49:15"
315|"CAM004"|"ON"|"2025-06-16 23:07:15"
316|"CAM008"|"OFF"|"2025-06-16 23:09:15"
317|"CAM004"|"OFF"|"2025-06-16 23:29:15"
318|"CAM005"|"ON"|"2025-06-16 23:49:15"
319|"CAM005"|"OFF"|"2025-06-17 19:42:44"
320|"CAM007"|"ON"|"2025-06-17 20:37:05"
321|"CAM006"|"ON"|"2025-06-17 21:01:05"
322|"CAM007"|"OFF"|"2025-06-17 21:15:05"
323|"CAM001"|"ON"|"2025-06-17 21:30:05"
324|"CAM002"|"OFF"|"2025-06-17 21:49:05"
325|"CAM007"|"ON"|"2025-06-17 22:01:05"
326|"CAM002"|"ON"|"2025-06-17 22:11:05"
327|"CAM002"|"OFF"|"2025-06-17 22:15:05"
328|"CAM005"|"ON"|"2025-06-17 22:24:05"
329|"CAM005"|"OFF"|"2025-06-17 22:50:05"
330|"CAM004"|"ON"|"2025-06-17 23:21:05"
331|"CAM005"|"ON"|"2025-06-17 23:46:05"
332|"CAM010"|"ON"|"2025-06-17 23:54:05"
333|"CAM001"|"OFF"|"2025-06-17 23:59:05"
334|"CAM007"|"OFF"|"2025-06-18 19:47:34"
335|"CAM003"|"ON"|"2025-06-18 20:05:34"
336|"CAM009"|"ON"|"2025-06-18 20:22:34"
337|"CAM004"|"OFF"|"2025-06-18 20:38:34"
338|"CAM009"|"OFF"|"2025-06-18 20:47:34"
339|"CAM010"|"OFF"|"2025-06-18 20:59:34"
340|"CAM007"|"ON"|"2025-06-18 21:19:34"
341|"CAM009"|"ON"|"2025-06-18 21:27:34"
342|"CAM009"|"OFF"|"2025-06-18 21:29:34"
343|"CAM005"|"OFF"|"2025-06-18 21:37:34"
344|"CAM006"|"OFF"|"2025-06-18 22:05:34"
345|"CAM005"|"ON"|"2025-06-18 22:26:34"
346|"CAM001"|"ON"|"2025-06-18 22:53:34"
347|"CAM002"|"ON"|"2025-06-18 23:04:34"
348|"CAM004"|"ON"|"2025-06-18 23:16:34"
349|"CAM006"|"ON"|"2025-06-18 23:36:34"
350|"CAM010"|"ON"|"2025-06-19 10:12:59"
351|"CAM003"|"OFF"|"2025-06-19 17:07:36"
352|"CAM001"|"OFF"|"2025-06-19 17:25:36"
353|"CAM001"|"ON"|"2025-06-19 17:51:36"
354|"CAM009"|"ON"|"2025-06-19 18:22:36"
355|"CAM003"|"ON"|"2025-06-19 18:36:36"
356|"CAM005"|"OFF"|"2025-06-19 19:03:36"
357|"CAM005"|"ON"|"2025-06-19 19:23:36"
358|"CAM006"|"OFF"|"2025-06-19 19:32:36"
359|"CAM007"|"OFF"|"2025-06-19 19:56:36"
360|"CAM002"|"OFF"|"2025-06-19 20:08:36"
361|"CAM004"|"OFF"|"2025-06-19 20:23:36"
362|"CAM006"|"ON"|"2025-06-19 20:42:36"
363|"CAM004"|"ON"|"2025-06-19 21:04:36"
364|"CAM008"|"ON"|"2025-06-19 21:12:36"
365|"CAM003"|"OFF"|"2025-06-19 21:19:36"
366|"CAM008"|"OFF"|"2025-06-19 21:39:36"
367|"CAM003"|"ON"|"2025-06-19 21:49:36"
368|"CAM005"|"OFF"|"2025-06-19 21:56:36"
369|"CAM003"|"OFF"|"2025-06-19 22:17:36"
370|"CAM005"|"ON"|"2025-06-19 22:33:36"
371|"CAM010"|"OFF"|"2025-06-19 22:57:36"
372|"CAM002"|"ON"|"2025-06-19 23:07:36"
373|"CAM004"|"OFF"|"2025-06-19 23:25:36"
374|"CAM004"|"ON"|"2025-06-19 23:47:36"
375|"CAM007"|"ON"|"2025-06-19 23:49:36"
376|"CAM003"|"ON"|"2025-06-19 23:58:36"
377|"CAM006"|"OFF"|"2025-06-20 00:00:36"
378|"CAM006"|"ON"|"2025-06-20 13:25:24"
379|"CAM001"|"OFF"|"2025-06-20 13:29:24"
380|"CAM008"|"ON"|"2025-06-20 17:14:23"
381|"CAM008"|"OFF"|"2025-06-20 17:19:23"
382|"CAM001"|"ON"|"2025-06-20 17:27:23"
383|"CAM002"|"OFF"|"2025-06-20 17:37:23"
384|"CAM004"|"OFF"|"2025-06-20 17:45:23"
385|"CAM006"|"OFF"|"2025-06-20 17:47:23"
386|"CAM003"|"OFF"|"2025-06-20 18:05:23"
387|"CAM009"|"OFF"|"2025-06-20 18:22:57"
388|"CAM002"|"ON"|"2025-06-20 18:52:57"
389|"CAM002"|"OFF"|"2025-06-20 18:58:57"
390|"CAM004"|"ON"|"2025-06-20 19:23:57"
391|"CAM004"|"OFF"|"2025-06-20 19:35:57"
392|"CAM009"|"ON"|"2025-06-20 20:02:57"
393|"CAM002"|"ON"|"2025-06-20 20:17:57"
394|"CAM009"|"OFF"|"2025-06-20 20:40:57"
395|"CAM009"|"ON"|"2025-06-20 21:06:57"
396|"CAM002"|"OFF"|"2025-06-20 21:23:57"
397|"CAM004"|"ON"|"2025-06-20 21:36:57"
398|"CAM010"|"ON"|"2025-06-20 21:52:57"
399|"CAM009"|"OFF"|"2025-06-20 22:01:57"
400|"CAM003"|"ON"|"2025-06-20 22:25:57"
401|"CAM003"|"OFF"|"2025-06-20 22:51:57"
402|"CAM010"|"OFF"|"2025-06-20 22:57:57"
403|"CAM007"|"OFF"|"2025-06-20 23:27:57"
404|"CAM010"|"ON"|"2025-06-20 23:56:57"
405|"CAM002"|"ON"|"2025-06-21 04:46:01"
406|"CAM005"|"OFF"|"2025-06-21 18:58:32"
407|"CAM002"|"OFF"|"2025-06-21 19:24:32"
408|"CAM001"|"OFF"|"2025-06-21 19:38:32"
409|"CAM001"|"ON"|"2025-06-21 19:49:32"
410|"CAM001"|"OFF"|"2025-06-21 20:13:32"
411|"CAM006"|"ON"|"2025-06-21 20:16:32"
412|"CAM006"|"OFF"|"2025-06-21 20:28:32"
413|"CAM009"|"ON"|"2025-06-21 20:32:32"
414|"CAM006"|"ON"|"2025-06-21 20:51:32"
415|"CAM004"|"OFF"|"2025-06-21 21:13:32"
416|"CAM008"|"ON"|"2025-06-21 21:30:32"
417|"CAM010"|"OFF"|"2025-06-21 21:38:32"
418|"CAM001"|"ON"|"2025-06-21 21:46:32"
419|"CAM005"|"ON"|"2025-06-21 21:52:32"
420|"CAM002"|"ON"|"2025-06-21 22:20:32"
421|"CAM005"|"OFF"|"2025-06-21 22:38:32"
422|"CAM007"|"ON"|"2025-06-21 22:40:32"
423|"CAM006"|"OFF"|"2025-06-21 22:50:32"
424|"CAM002"|"OFF"|"2025-06-21 22:53:32"
425|"CAM006"|"ON"|"2025-06-21 22:58:32"
426|"CAM007"|"OFF"|"2025-06-21 23:27:32"
427|"CAM003"|"ON"|"2025-06-21 23:33:32"
428|"CAM006"|"OFF"|"2025-06-21 23:55:32"
429|"CAM001"|"OFF"|"2025-06-22 11:49:13"
430|"CAM005"|"ON"|"2025-06-22 11:52:13"
431|"CAM007"|"ON"|"2025-06-22 12:16:13"
432|"CAM002"|"ON"|"2025-06-22 17:13:16"
433|"CAM008"|"OFF"|"2025-06-22 17:39:16"
434|"CAM006"|"ON"|"2025-06-22 17:43:16"
435|"CAM002"|"OFF"|"2025-06-22 18:13:16"
436|"CAM004"|"ON"|"2025-06-22 18:16:16"
437|"CAM009"|"OFF"|"2025-06-22 18:39:16"
438|"CAM004"|"OFF"|"2025-06-22 19:00:16"
439|"CAM008"|"ON"|"2025-06-22 19:13:16"
440|"CAM003"|"OFF"|"2025-06-22 19:43:16"
441|"CAM004"|"ON"|"2025-06-22 20:07:16"
442|"CAM003"|"ON"|"2025-06-22 20:20:16"
443|"CAM006"|"OFF"|"2025-06-22 20:48:16"
444|"CAM003"|"OFF"|"2025-06-22 21:01:16"
445|"CAM007"|"OFF"|"2025-06-22 21:30:16"
446|"CAM003"|"ON"|"2025-06-22 21:35:16"
447|"CAM010"|"ON"|"2025-06-22 22:05:16"
448|"CAM003"|"OFF"|"2025-06-22 22:31:16"
449|"CAM005"|"OFF"|"2025-06-22 22:45:16"
450|"CAM001"|"ON"|"2025-06-22 23:11:16"
451|"CAM001"|"OFF"|"2025-06-22 23:37:16"
452|"CAM002"|"ON"|"2025-06-22 23:55:16"
453|"CAM004"|"OFF"|"2025-06-23 17:52:10"
454|"CAM006"|"ON"|"2025-06-23 17:55:10"
455|"CAM006"|"OFF"|"2025-06-23 18:04:10"
456|"CAM005"|"ON"|"2025-06-23 18:33:10"
457|"CAM009"|"ON"|"2025-06-23 18:59:10"
458|"CAM004"|"ON"|"2025-06-23 19:16:10"
459|"CAM007"|"ON"|"2025-06-23 19:34:10"
460|"CAM001"|"ON"|"2025-06-23 19:45:10"
461|"CAM002"|"OFF"|"2025-06-23 19:52:10"
462|"CAM004"|"OFF"|"2025-06-23 20:15:10"
463|"CAM007"|"OFF"|"2025-06-23 20:23:10"
464|"CAM003"|"ON"|"2025-06-23 20:33:10"
465|"CAM004"|"ON"|"2025-06-23 20:48:10"
466|"CAM008"|"OFF"|"2025-06-23 21:04:10"
467|"CAM003"|"OFF"|"2025-06-23 21:34:10"
468|"CAM002"|"ON"|"2025-06-23 21:48:10"
469|"CAM002"|"OFF"|"2025-06-23 21:54:10"
470|"CAM005"|"OFF"|"2025-06-23 22:06:10"
471|"CAM009"|"OFF"|"2025-06-23 22:17:10"
472|"CAM001"|"OFF"|"2025-06-23 22:48:10"
473|"CAM001"|"ON"|"2025-06-23 23:07:10"
474|"CAM007"|"ON"|"2025-06-23 23:29:10"
475|"CAM006"|"ON"|"2025-06-23 23:37:10"
476|"CAM005"|"ON"|"2025-06-23 23:48:10"
477|"CAM004"|"OFF"|"2025-06-24 11:36:35"
478|"CAM002"|"ON"|"2025-06-24 12:05:35"
479|"CAM010"|"OFF"|"2025-06-24 12:36:35"
480|"CAM003"|"ON"|"2025-06-24 12:40:35"
481|"CAM010"|"ON"|"2025-06-24 12:49:35"
482|"CAM008"|"ON"|"2025-06-24 13:00:35"
483|"CAM004"|"ON"|"2025-06-24 19:11:30"
484|"CAM008"|"OFF"|"2025-06-24 19:39:30"
485|"CAM004"|"OFF"|"2025-06-24 19:54:30"
486|"CAM005"|"OFF"|"2025-06-24 20:01:30"
487|"CAM009"|"ON"|"2025-06-24 20:23:30"
488|"CAM009"|"OFF"|"2025-06-24 20:45:30"
489|"CAM009"|"ON"|"2025-06-24 20:52:30"
490|"CAM008"|"ON"|"2025-06-24 21:15:30"
491|"CAM009"|"OFF"|"2025-06-24 21:41:30"
492|"CAM008"|"OFF"|"2025-06-24 22:09:30"
493|"CAM001"|"OFF"|"2025-06-24 22:12:30"
494|"CAM007"|"OFF"|"2025-06-24 22:20:30"
495|"CAM005"|"ON"|"2025-06-24 22:41:30"
496|"CAM003"|"OFF"|"2025-06-24 23:06:30"
497|"CAM002"|"OFF"|"2025-06-24 23:18:30"
498|"CAM010"|"OFF"|"2025-06-24 23:26:30"
499|"CAM007"|"ON"|"2025-06-24 23:32:30"
500|"CAM008"|"ON"|"2025-06-24 23:39:30"
501|"CAM006"|"OFF"|"2025-06-24 23:59:30"
502|"CAM005"|"OFF"|"2025-06-25 09:12:26"
503|"CAM008"|"OFF"|"2025-06-25 10:43:02"
504|"CAM010"|"ON"|"2025-06-25 17:12:42"
505|"CAM009"|"ON"|"2025-06-25 17:20:42"
506|"CAM002"|"ON"|"2025-06-25 17:41:42"
507|"CAM010"|"OFF"|"2025-06-25 17:45:42"
508|"CAM005"|"ON"|"2025-06-25 17:47:42"
509|"CAM009"|"OFF"|"2025-06-25 18:15:42"
510|"CAM006"|"ON"|"2025-06-25 18:46:42"
511|"CAM010"|"ON"|"2025-06-25 19:07:42"
512|"CAM010"|"OFF"|"2025-06-25 19:21:42"
513|"CAM005"|"OFF"|"2025-06-25 19:37:42"
514|"CAM002"|"OFF"|"2025-06-25 19:44:42"
515|"CAM006"|"OFF"|"2025-06-25 19:52:42"
516|"CAM007"|"OFF"|"2025-06-25 20:14:42"
517|"CAM005"|"ON"|"2025-06-25 20:20:42"
518|"CAM008"|"ON"|"2025-06-25 20:29:42"
519|"CAM001"|"ON"|"2025-06-25 20:41:42"
520|"CAM002"|"ON"|"2025-06-25 21:03:42"
521|"CAM005"|"OFF"|"2025-06-25 21:25:42"
522|"CAM006"|"ON"|"2025-06-25 21:55:42"
523|"CAM005"|"ON"|"2025-06-25 22:21:42"
524|"CAM001"|"OFF"|"2025-06-25 22:30:42"
525|"CAM005"|"OFF"|"2025-06-25 22:44:42"
526|"CAM004"|"ON"|"2025-06-25 22:54:42"
527|"CAM004"|"OFF"|"2025-06-25 23:21:42"
528|"CAM010"|"ON"|"2025-06-25 23:31:42"
529|"CAM003"|"ON"|"2025-06-25 23:55:42"
530|"CAM005"|"ON"|"2025-06-26 14:51:53"
531|"CAM003"|"OFF"|"2025-06-26 15:17:53"
532|"CAM010"|"OFF"|"2025-06-26 15:39:53"
533|"CAM009"|"ON"|"2025-06-26 15:50:53"
534|"CAM006"|"OFF"|"2025-06-26 16:15:53"
535|"CAM008"|"OFF"|"2025-06-26 16:36:53"
536|"CAM006"|"ON"|"2025-06-26 17:05:53"
537|"CAM008"|"ON"|"2025-06-26 19:57:47"
538|"CAM010"|"ON"|"2025-06-26 20:08:47"
539|"CAM002"|"OFF"|"2025-06-26 20:20:47"
540|"CAM007"|"ON"|"2025-06-26 20:23:47"
541|"CAM003"|"ON"|"2025-06-26 20:40:47"
542|"CAM005"|"OFF"|"2025-06-26 20:50:47"
543|"CAM005"|"ON"|"2025-06-26 21:18:47"
544|"CAM009"|"OFF"|"2025-06-26 21:22:47"
545|"CAM001"|"ON"|"2025-06-26 21:50:47"
546|"CAM007"|"OFF"|"2025-06-26 22:20:47"
547|"CAM005"|"OFF"|"2025-06-26 22:46:47"
548|"CAM003"|"OFF"|"2025-06-26 22:59:47"
549|"CAM005"|"ON"|"2025-06-26 23:23:47"
550|"CAM004"|"ON"|"2025-06-26 23:34:47"
551|"CAM001"|"OFF"|"2025-06-26 23:51:47"
552|"CAM003"|"ON"|"2025-06-27 19:55:16"
553|"CAM005"|"OFF"|"2025-06-27 20:21:16"
554|"CAM006"|"OFF"|"2025-06-27 20:33:16"
555|"CAM010"|"OFF"|"2025-06-27 20:37:16"
556|"CAM009"|"ON"|"2025-06-27 20:40:16"
557|"CAM004"|"OFF"|"2025-06-27 21:09:16"
558|"CAM005"|"ON"|"2025-06-27 21:31:16"
559|"CAM005"|"OFF"|"2025-06-27 21:38:16"
560|"CAM007"|"ON"|"2025-06-27 21:59:16"
561|"CAM010"|"ON"|"2025-06-27 22:07:16"
562|"CAM006"|"ON"|"2025-06-27 22:21:16"
563|"CAM002"|"ON"|"2025-06-27 22:42:16"
564|"CAM006"|"OFF"|"2025-06-27 22:46:16"
565|"CAM006"|"ON"|"2025-06-27 22:51:16"
566|"CAM001"|"ON"|"2025-06-27 23:02:16"
567|"CAM002"|"OFF"|"2025-06-27 23:21:16"
568|"CAM006"|"OFF"|"2025-06-27 23:34:16"
569|"CAM008"|"OFF"|"2025-06-27 23:57:16"
570|"CAM004"|"ON"|"2025-06-28 16:49:39"
571|"CAM004"|"OFF"|"2025-06-28 19:02:19"
572|"CAM002"|"ON"|"2025-06-28 19:32:19"
573|"CAM007"|"OFF"|"2025-06-28 19:55:19"
574|"CAM003"|"OFF"|"2025-06-28 20:11:19"
575|"CAM003"|"ON"|"2025-06-28 20:13:19"
576|"CAM010"|"OFF"|"2025-06-28 20:34:19"
577|"CAM009"|"OFF"|"2025-06-28 20:45:19"
578|"CAM006"|"ON"|"2025-06-28 20:54:19"
579|"CAM001"|"OFF"|"2025-06-28 21:24:19"
580|"CAM007"|"ON"|"2025-06-28 21:29:19"
581|"CAM002"|"OFF"|"2025-06-28 21:56:19"
582|"CAM006"|"OFF"|"2025-06-28 22:02:19"
583|"CAM005"|"ON"|"2025-06-28 22:30:19"
584|"CAM005"|"OFF"|"2025-06-28 22:54:19"
585|"CAM003"|"OFF"|"2025-06-28 23:18:19"
586|"CAM009"|"ON"|"2025-06-28 23:34:19"
587|"CAM010"|"ON"|"2025-06-29 13:22:53"
588|"CAM009"|"OFF"|"2025-06-29 18:40:51"
589|"CAM008"|"ON"|"2025-06-29 19:04:51"
590|"CAM005"|"ON"|"2025-06-29 19:06:51"
591|"CAM008"|"OFF"|"2025-06-29 19:32:51"
592|"CAM003"|"ON"|"2025-06-29 20:03:51"
593|"CAM004"|"ON"|"2025-06-29 20:10:51"
594|"CAM002"|"ON"|"2025-06-29 20:23:51"
595|"CAM005"|"OFF"|"2025-06-29 20:43:51"
596|"CAM006"|"ON"|"2025-06-29 21:08:51"
597|"CAM003"|"OFF"|"2025-06-29 21:39:51"
598|"CAM010"|"OFF"|"2025-06-29 22:05:51"
599|"CAM010"|"ON"|"2025-06-29 22:07:51"
600|"CAM008"|"ON"|"2025-06-29 22:20:51"
601|"CAM002"|"OFF"|"2025-06-29 22:26:51"
602|"CAM002"|"ON"|"2025-06-29 22:45:51"
603|"CAM009"|"ON"|"2025-06-29 22:53:51"
604|"CAM008"|"OFF"|"2025-06-29 23:21:51"
605|"CAM010"|"OFF"|"2025-06-29 23:39:51"
606|"CAM004"|"OFF"|"2025-06-30 12:36:25"
607|"CAM010"|"ON"|"2025-06-30 12:57:25"
608|"CAM008"|"ON"|"2025-06-30 14:50:29"
609|"CAM003"|"ON"|"2025-06-30 15:20:29"
610|"CAM003"|"OFF"|"2025-06-30 15:39:29"
611|"CAM005"|"ON"|"2025-06-30 15:49:29"
612|"CAM010"|"OFF"|"2025-06-30 16:12:29"
613|"CAM002"|"OFF"|"2025-06-30 16:36:29"
614|"CAM010"|"ON"|"2025-06-30 16:59:29"
615|"CAM003"|"ON"|"2025-06-30 17:18:29"
616|"CAM001"|"ON"|"2025-06-30 17:45:29"
617|"CAM005"|"OFF"|"2025-06-30 18:16:29"
618|"CAM007"|"OFF"|"2025-06-30 18:21:29"
619|"CAM008"|"OFF"|"2025-06-30 18:29:29"
620|"CAM005"|"ON"|"2025-06-30 18:38:29"
621|"CAM005"|"OFF"|"2025-06-30 18:42:29"
622|"CAM004"|"ON"|"2025-06-30 18:52:29"
623|"CAM004"|"OFF"|"2025-06-30 19:07:29"
624|"CAM003"|"OFF"|"2025-06-30 19:30:29"
625|"CAM008"|"ON"|"2025-06-30 19:54:29"
626|"CAM005"|"ON"|"2025-06-30 20:06:29"
627|"CAM008"|"OFF"|"2025-06-30 20:35:29"
628|"CAM003"|"ON"|"2025-06-30 21:01:29"
629|"CAM005"|"OFF"|"2025-06-30 21:28:29"
630|"CAM004"|"ON"|"2025-06-30 21:30:29"
631|"CAM004"|"OFF"|"2025-06-30 21:52:29"
632|"CAM003"|"OFF"|"2025-06-30 22:15:29"
633|"CAM009"|"OFF"|"2025-06-30 22:25:29"
634|"CAM004"|"ON"|"2025-06-30 22:53:29"
635|"CAM006"|"OFF"|"2025-06-30 22:58:29"
636|"CAM009"|"ON"|"2025-06-30 23:06:29"
637|"CAM004"|"OFF"|"2025-06-30 23:36:29"
638|"CAM010"|"OFF"|"2025-06-30 23:54:29"
639|"CAM010"|"ON"|"2025-06-30 23:57:29"
640|"CAM008"|"ON"|"2025-07-01 19:31:14"
641|"CAM010"|"OFF"|"2025-07-01 19:50:14"
642|"CAM006"|"ON"|"2025-07-01 19:52:14"
643|"CAM001"|"OFF"|"2025-07-01 20:20:14"
644|"CAM009"|"OFF"|"2025-07-01 20:27:14"
645|"CAM007"|"ON"|"2025-07-01 20:42:14"
646|"CAM001"|"ON"|"2025-07-01 21:02:14"
647|"CAM004"|"ON"|"2025-07-01 21:04:14"
648|"CAM007"|"OFF"|"2025-07-01 21:20:14"
649|"CAM008"|"OFF"|"2025-07-01 21:35:14"
650|"CAM009"|"ON"|"2025-07-01 21:37:14"
651|"CAM002"|"ON"|"2025-07-01 22:03:14"
652|"CAM008"|"ON"|"2025-07-01 22:20:14"
653|"CAM001"|"OFF"|"2025-07-01 22:48:14"
654|"CAM007"|"ON"|"2025-07-01 22:53:14"
655|"CAM006"|"OFF"|"2025-07-01 23:13:14"
656|"CAM003"|"ON"|"2025-07-01 23:37:14"
657|"CAM007"|"OFF"|"2025-07-01 23:45:14"
658|"CAM004"|"OFF"|"2025-07-01 23:50:14"
659|"CAM006"|"ON"|"2025-07-01 23:55:14"
660|"CAM008"|"OFF"|"2025-07-01 23:57:14"
661|"CAM004"|"ON"|"2025-07-02 19:44:13"
662|"CAM007"|"ON"|"2025-07-02 20:15:13"
663|"CAM005"|"ON"|"2025-07-02 20:25:13"
664|"CAM009"|"OFF"|"2025-07-02 20:30:13"
665|"CAM005"|"OFF"|"2025-07-02 20:52:13"
666|"CAM004"|"OFF"|"2025-07-02 21:22:13"
667|"CAM008"|"ON"|"2025-07-02 21:40:13"
668|"CAM008"|"OFF"|"2025-07-02 21:43:13"
669|"CAM009"|"ON"|"2025-07-02 22:12:13"
670|"CAM002"|"OFF"|"2025-07-02 22:21:13"
671|"CAM003"|"OFF"|"2025-07-02 22:26:13"
672|"CAM004"|"ON"|"2025-07-02 22:35:13"
673|"CAM007"|"OFF"|"2025-07-02 22:57:13"
674|"CAM005"|"ON"|"2025-07-02 23:17:13"
675|"CAM009"|"OFF"|"2025-07-02 23:19:13"
676|"CAM002"|"ON"|"2025-07-02 23:40:13"
677|"CAM010"|"ON"|"2025-07-02 23:47:13"
678|"CAM003"|"ON"|"2025-07-02 23:55:13"
679|"CAM009"|"ON"|"2025-07-03 01:15:47"
680|"CAM009"|"OFF"|"2025-07-03 15:28:17"
681|"CAM001"|"ON"|"2025-07-03 15:30:17"
682|"CAM001"|"OFF"|"2025-07-03 15:46:17"
683|"CAM003"|"OFF"|"2025-07-03 16:02:17"
684|"CAM004"|"OFF"|"2025-07-03 16:26:17"
685|"CAM009"|"ON"|"2025-07-03 16:49:17"
686|"CAM009"|"OFF"|"2025-07-03 16:54:17"
687|"CAM006"|"OFF"|"2025-07-03 17:01:17"
688|"CAM002"|"OFF"|"2025-07-03 17:20:17"
689|"CAM004"|"ON"|"2025-07-03 17:37:17"
690|"CAM001"|"ON"|"2025-07-03 18:07:17"
691|"CAM009"|"ON"|"2025-07-03 18:38:17"
692|"CAM001"|"OFF"|"2025-07-03 18:55:17"
693|"CAM005"|"OFF"|"2025-07-03 19:00:17"
694|"CAM003"|"ON"|"2025-07-03 19:20:17"
695|"CAM002"|"ON"|"2025-07-03 19:32:17"
696|"CAM010"|"OFF"|"2025-07-03 19:55:17"
697|"CAM001"|"ON"|"2025-07-03 20:15:17"
698|"CAM002"|"OFF"|"2025-07-03 20:45:17"
699|"CAM003"|"OFF"|"2025-07-03 21:06:17"
700|"CAM006"|"ON"|"2025-07-03 21:28:17"
701|"CAM003"|"ON"|"2025-07-03 21:40:17"
702|"CAM002"|"ON"|"2025-07-03 21:52:17"
703|"CAM005"|"ON"|"2025-07-03 22:04:17"
704|"CAM002"|"OFF"|"2025-07-03 22:15:17"
705|"CAM009"|"OFF"|"2025-07-03 22:42:17"
706|"CAM008"|"ON"|"2025-07-03 23:03:17"
707|"CAM007"|"ON"|"2025-07-03 23:27:17"
708|"CAM002"|"ON"|"2025-07-03 23:36:17"
709|"CAM008"|"OFF"|"2025-07-03 23:48:17"
710|"CAM001"|"OFF"|"2025-07-04 19:15:36"
711|"CAM004"|"OFF"|"2025-07-04 19:18:36"
712|"CAM007"|"OFF"|"2025-07-04 19:48:36"
713|"CAM009"|"ON"|"2025-07-04 20:11:36"
714|"CAM003"|"OFF"|"2025-07-04 20:18:36"
715|"CAM009"|"OFF"|"2025-07-04 20:22:36"
716|"CAM004"|"ON"|"2025-07-04 20:47:36"
717|"CAM002"|"OFF"|"2025-07-04 21:04:36"
718|"CAM006"|"OFF"|"2025-07-04 21:24:36"
719|"CAM008"|"ON"|"2025-07-04 21:39:36"
720|"CAM001"|"ON"|"2025-07-04 21:58:36"
721|"CAM006"|"ON"|"2025-07-04 22:20:36"
722|"CAM004"|"OFF"|"2025-07-04 22:24:36"
723|"CAM007"|"ON"|"2025-07-04 22:52:36"
724|"CAM001"|"OFF"|"2025-07-04 23:02:36"
725|"CAM005"|"OFF"|"2025-07-04 23:09:36"
726|"CAM001"|"ON"|"2025-07-04 23:35:36"
727|"CAM009"|"ON"|"2025-07-04 23:55:36"
728|"CAM008"|"OFF"|"2025-07-05 12:30:29"
729|"CAM006"|"OFF"|"2025-07-05 18:10:52"
730|"CAM005"|"ON"|"2025-07-05 18:23:52"
731|"CAM006"|"ON"|"2025-07-05 18:40:52"
732|"CAM004"|"ON"|"2025-07-05 18:54:52"
733|"CAM002"|"ON"|"2025-07-05 18:58:52"
734|"CAM006"|"OFF"|"2025-07-05 19:06:52"
735|"CAM009"|"OFF"|"2025-07-05 19:21:52"
736|"CAM005"|"OFF"|"2025-07-05 19:33:52"
737|"CAM008"|"ON"|"2025-07-05 19:47:52"
738|"CAM010"|"ON"|"2025-07-05 20:03:52"
739|"CAM009"|"ON"|"2025-07-05 21:59:10"
740|"CAM009"|"OFF"|"2025-07-05 22:12:10"
741|"CAM003"|"ON"|"2025-07-05 22:28:10"
742|"CAM005"|"ON"|"2025-07-05 22:40:10"
743|"CAM006"|"ON"|"2025-07-05 23:06:10"
744|"CAM007"|"OFF"|"2025-07-05 23:14:10"
745|"CAM002"|"OFF"|"2025-07-05 23:44:10"
746|"CAM002"|"ON"|"2025-07-05 23:49:10"
747|"CAM010"|"OFF"|"2025-07-06 09:33:29"
748|"CAM002"|"OFF"|"2025-07-06 16:30:32"
749|"CAM007"|"ON"|"2025-07-06 16:58:32"
750|"CAM002"|"ON"|"2025-07-06 17:15:32"
751|"CAM007"|"OFF"|"2025-07-06 17:19:32"
752|"CAM007"|"ON"|"2025-07-06 17:38:32"
753|"CAM004"|"OFF"|"2025-07-06 17:56:32"
754|"CAM009"|"ON"|"2025-07-06 17:59:32"
755|"CAM003"|"OFF"|"2025-07-06 18:14:32"
756|"CAM006"|"OFF"|"2025-07-06 18:25:32"
757|"CAM002"|"OFF"|"2025-07-06 18:49:32"
758|"CAM005"|"OFF"|"2025-07-06 19:07:32"
759|"CAM001"|"OFF"|"2025-07-06 19:23:32"
760|"CAM009"|"OFF"|"2025-07-06 19:28:32"
761|"CAM006"|"ON"|"2025-07-06 19:56:32"
762|"CAM003"|"ON"|"2025-07-06 20:11:32"
763|"CAM008"|"OFF"|"2025-07-06 20:20:32"
764|"CAM010"|"ON"|"2025-07-06 20:29:32"
765|"CAM002"|"ON"|"2025-07-06 20:34:32"
766|"CAM001"|"ON"|"2025-07-06 20:48:32"
767|"CAM009"|"ON"|"2025-07-06 21:08:32"
768|"CAM003"|"OFF"|"2025-07-06 21:14:32"
769|"CAM010"|"OFF"|"2025-07-06 21:32:32"
770|"CAM003"|"ON"|"2025-07-06 21:40:32"
771|"CAM006"|"OFF"|"2025-07-06 22:02:32"
772|"CAM001"|"OFF"|"2025-07-06 22:29:32"
773|"CAM004"|"ON"|"2025-07-06 22:44:32"
774|"CAM003"|"OFF"|"2025-07-06 23:14:32"
775|"CAM001"|"ON"|"2025-07-06 23:43:32"
776|"CAM001"|"OFF"|"2025-07-07 10:24:14"
777|"CAM004"|"OFF"|"2025-07-07 16:27:02"
778|"CAM001"|"ON"|"2025-07-07 16:42:02"
779|"CAM007"|"OFF"|"2025-07-07 16:56:02"
780|"CAM009"|"OFF"|"2025-07-07 17:06:02"
781|"CAM005"|"ON"|"2025-07-07 17:12:02"
782|"CAM002"|"OFF"|"2025-07-07 18:18:05"
783|"CAM006"|"ON"|"2025-07-07 18:42:05"
784|"CAM009"|"ON"|"2025-07-07 19:03:05"
785|"CAM003"|"ON"|"2025-07-07 19:22:05"
786|"CAM007"|"ON"|"2025-07-07 19:36:05"
787|"CAM007"|"OFF"|"2025-07-07 19:53:05"
788|"CAM005"|"OFF"|"2025-07-07 20:19:05"
789|"CAM003"|"OFF"|"2025-07-07 20:32:05"
790|"CAM010"|"ON"|"2025-07-07 20:53:05"
791|"CAM002"|"ON"|"2025-07-07 20:55:05"
792|"CAM008"|"ON"|"2025-07-07 21:21:05"
793|"CAM002"|"OFF"|"2025-07-07 21:33:05"
794|"CAM006"|"OFF"|"2025-07-07 21:43:05"
795|"CAM005"|"ON"|"2025-07-07 22:11:05"
796|"CAM001"|"OFF"|"2025-07-07 22:31:05"
797|"CAM004"|"ON"|"2025-07-07 22:59:05"
798|"CAM010"|"OFF"|"2025-07-07 23:02:05"
799|"CAM002"|"ON"|"2025-07-07 23:13:05"
800|"CAM004"|"OFF"|"2025-07-07 23:15:05"
801|"CAM006"|"ON"|"2025-07-07 23:28:05"
802|"CAM010"|"ON"|"2025-07-07 23:42:05"
803|"CAM005"|"OFF"|"2025-07-07 23:48:05"
804|"CAM006"|"OFF"|"2025-07-08 15:37:57"
805|"CAM007"|"ON"|"2025-07-08 15:59:57"
806|"CAM010"|"OFF"|"2025-07-08 16:18:57"
807|"CAM003"|"ON"|"2025-07-08 16:30:57"
808|"CAM003"|"OFF"|"2025-07-08 19:54:14"
809|"CAM009"|"OFF"|"2025-07-08 20:04:14"
810|"CAM001"|"ON"|"2025-07-08 20:20:14"
811|"CAM002"|"OFF"|"2025-07-08 20:51:14"
812|"CAM008"|"OFF"|"2025-07-08 21:06:14"
813|"CAM002"|"ON"|"2025-07-08 21:13:14"
814|"CAM008"|"ON"|"2025-07-08 21:18:14"
815|"CAM004"|"ON"|"2025-07-08 21:49:14"
816|"CAM005"|"ON"|"2025-07-08 22:02:14"
817|"CAM008"|"OFF"|"2025-07-08 22:30:14"
818|"CAM005"|"OFF"|"2025-07-08 22:41:14"
819|"CAM008"|"ON"|"2025-07-08 23:08:14"
820|"CAM010"|"ON"|"2025-07-08 23:37:14"
821|"CAM006"|"ON"|"2025-07-08 23:42:14"
822|"CAM001"|"OFF"|"2025-07-08 23:45:14"
823|"CAM010"|"OFF"|"2025-07-09 00:00:14"
824|"CAM009"|"ON"|"2025-07-09 17:47:51"
825|"CAM006"|"OFF"|"2025-07-09 18:12:51"
826|"CAM009"|"OFF"|"2025-07-09 18:54:03"
827|"CAM006"|"ON"|"2025-07-09 19:23:03"
828|"CAM006"|"OFF"|"2025-07-09 19:41:03"
829|"CAM009"|"ON"|"2025-07-09 20:02:03"
830|"CAM010"|"ON"|"2025-07-09 20:17:03"
831|"CAM002"|"OFF"|"2025-07-09 20:26:03"
832|"CAM002"|"ON"|"2025-07-09 20:55:03"
833|"CAM004"|"OFF"|"2025-07-09 21:25:03"
834|"CAM007"|"OFF"|"2025-07-09 21:34:03"
835|"CAM005"|"ON"|"2025-07-09 21:54:03"
836|"CAM007"|"ON"|"2025-07-09 22:19:03"
837|"CAM003"|"ON"|"2025-07-09 22:41:03"
838|"CAM002"|"OFF"|"2025-07-09 23:05:03"
839|"CAM010"|"OFF"|"2025-07-09 23:08:03"
840|"CAM001"|"ON"|"2025-07-09 23:26:03"
841|"CAM004"|"ON"|"2025-07-09 23:54:03"
842|"CAM005"|"OFF"|"2025-07-10 14:54:46"
843|"CAM003"|"OFF"|"2025-07-10 15:15:46"
844|"CAM007"|"OFF"|"2025-07-10 15:46:46"
845|"CAM009"|"OFF"|"2025-07-10 15:57:46"
846|"CAM010"|"ON"|"2025-07-10 18:01:12"
847|"CAM009"|"ON"|"2025-07-10 18:28:12"
848|"CAM004"|"OFF"|"2025-07-10 18:40:12"
849|"CAM004"|"ON"|"2025-07-10 18:53:12"
850|"CAM007"|"ON"|"2025-07-10 19:18:12"
851|"CAM002"|"ON"|"2025-07-10 19:43:12"
852|"CAM002"|"OFF"|"2025-07-10 19:59:12"
853|"CAM001"|"OFF"|"2025-07-10 20:02:12"
854|"CAM006"|"ON"|"2025-07-10 20:08:12"
855|"CAM009"|"OFF"|"2025-07-10 20:19:12"
856|"CAM007"|"OFF"|"2025-07-10 20:47:12"
857|"CAM010"|"OFF"|"2025-07-10 20:51:12"
858|"CAM005"|"ON"|"2025-07-10 21:01:12"
859|"CAM007"|"ON"|"2025-07-10 21:06:12"
860|"CAM001"|"ON"|"2025-07-10 21:33:12"
861|"CAM003"|"ON"|"2025-07-10 22:02:12"
862|"CAM009"|"ON"|"2025-07-10 22:27:12"
863|"CAM006"|"OFF"|"2025-07-10 22:39:12"
864|"CAM007"|"OFF"|"2025-07-10 22:47:12"
865|"CAM004"|"OFF"|"2025-07-10 23:16:12"
866|"CAM001"|"OFF"|"2025-07-10 23:31:12"
867|"CAM008"|"OFF"|"2025-07-10 23:55:12"
868|"CAM010"|"ON"|"2025-07-11 18:29:43"
869|"CAM002"|"ON"|"2025-07-11 18:51:43"
870|"CAM004"|"ON"|"2025-07-11 19:06:43"
871|"CAM002"|"OFF"|"2025-07-11 19:32:43"
872|"CAM002"|"ON"|"2025-07-11 19:57:43"
873|"CAM004"|"OFF"|"2025-07-11 20:28:43"
874|"CAM008"|"ON"|"2025-07-11 20:48:43"
875|"CAM006"|"ON"|"2025-07-11 21:01:43"
876|"CAM001"|"ON"|"2025-07-11 21:15:43"
877|"CAM010"|"OFF"|"2025-07-11 21:42:43"
878|"CAM010"|"ON"|"2025-07-11 22:05:43"
879|"CAM004"|"ON"|"2025-07-11 22:28:43"
880|"CAM010"|"OFF"|"2025-07-11 22:49:43"
881|"CAM005"|"OFF"|"2025-07-11 22:52:43"
882|"CAM007"|"ON"|"2025-07-11 23:03:43"
883|"CAM008"|"OFF"|"2025-07-11 23:20:43"
884|"CAM010"|"ON"|"2025-07-11 23:26:43"
885|"CAM010"|"OFF"|"2025-07-11 23:29:43"
886|"CAM004"|"OFF"|"2025-07-11 23:46:43"
887|"CAM008"|"ON"|"2025-07-11 23:48:43"
888|"CAM006"|"OFF"|"2025-07-11 23:59:43"
889|"CAM002"|"OFF"|"2025-07-12 19:57:38"
890|"CAM010"|"ON"|"2025-07-12 20:19:38"
891|"CAM005"|"ON"|"2025-07-12 20:30:38"
892|"CAM010"|"OFF"|"2025-07-12 20:38:38"
893|"CAM002"|"ON"|"2025-07-12 20:50:38"
894|"CAM008"|"OFF"|"2025-07-12 21:09:38"
895|"CAM001"|"OFF"|"2025-07-12 21:35:38"
896|"CAM003"|"OFF"|"2025-07-12 21:49:38"
897|"CAM006"|"ON"|"2025-07-12 22:02:38"
898|"CAM001"|"ON"|"2025-07-12 22:08:38"
899|"CAM008"|"ON"|"2025-07-12 22:25:38"
900|"CAM005"|"OFF"|"2025-07-12 22:29:38"
901|"CAM005"|"ON"|"2025-07-12 22:40:38"
902|"CAM009"|"OFF"|"2025-07-12 22:48:38"
903|"CAM008"|"OFF"|"2025-07-12 22:54:38"
904|"CAM003"|"ON"|"2025-07-12 23:22:38"
905|"CAM004"|"ON"|"2025-07-12 23:42:38"
906|"CAM006"|"OFF"|"2025-07-13 00:00:38"
907|"CAM007"|"OFF"|"2025-07-13 14:14:28"
908|"CAM005"|"OFF"|"2025-07-13 14:17:28"
909|"CAM007"|"ON"|"2025-07-13 14:43:28"
910|"CAM003"|"OFF"|"2025-07-13 14:54:28"
911|"CAM003"|"ON"|"2025-07-13 15:05:28"
912|"CAM010"|"ON"|"2025-07-13 15:15:28"
913|"CAM006"|"ON"|"2025-07-13 15:22:28"
914|"CAM009"|"ON"|"2025-07-13 15:46:28"
915|"CAM005"|"ON"|"2025-07-13 15:58:28"
916|"CAM001"|"OFF"|"2025-07-13 18:26:23"
917|"CAM003"|"OFF"|"2025-07-13 18:48:23"
918|"CAM003"|"ON"|"2025-07-13 19:13:23"
919|"CAM008"|"ON"|"2025-07-13 19:40:23"
920|"CAM004"|"OFF"|"2025-07-13 19:56:23"
921|"CAM005"|"OFF"|"2025-07-13 20:13:23"
922|"CAM007"|"OFF"|"2025-07-13 20:27:23"
923|"CAM003"|"OFF"|"2025-07-13 20:38:23"
924|"CAM002"|"OFF"|"2025-07-13 21:04:23"
925|"CAM004"|"ON"|"2025-07-13 21:24:23"
926|"CAM010"|"OFF"|"2025-07-13 21:39:23"
927|"CAM005"|"ON"|"2025-07-13 21:51:23"
928|"CAM005"|"OFF"|"2025-07-13 22:08:23"
929|"CAM003"|"ON"|"2025-07-13 22:33:23"
930|"CAM007"|"ON"|"2025-07-13 22:40:23"
931|"CAM010"|"ON"|"2025-07-13 22:52:23"
932|"CAM002"|"ON"|"2025-07-13 23:08:23"
933|"CAM007"|"OFF"|"2025-07-13 23:33:23"
934|"CAM002"|"OFF"|"2025-07-13 23:51:23"
935|"CAM007"|"ON"|"2025-07-14 16:34:01"
936|"CAM002"|"ON"|"2025-07-14 16:55:01"
937|"CAM003"|"OFF"|"2025-07-14 17:23:01"
938|"CAM006"|"OFF"|"2025-07-14 17:43:01"
939|"CAM010"|"OFF"|"2025-07-14 17:55:01"
940|"CAM005"|"ON"|"2025-07-14 18:18:01"
941|"CAM007"|"OFF"|"2025-07-14 23:39:21"
942|"CAM002"|"OFF"|"2025-07-15 09:39:51"
943|"CAM005"|"OFF"|"2025-07-15 18:37:55"
944|"CAM005"|"ON"|"2025-07-15 19:02:55"
945|"CAM005"|"OFF"|"2025-07-15 19:26:55"
946|"CAM001"|"ON"|"2025-07-15 19:34:55"
947|"CAM010"|"ON"|"2025-07-15 19:43:55"
948|"CAM001"|"OFF"|"2025-07-15 19:53:55"
949|"CAM005"|"ON"|"2025-07-15 20:16:55"
950|"CAM010"|"OFF"|"2025-07-15 20:47:55"
951|"CAM009"|"OFF"|"2025-07-15 20:56:55"
952|"CAM008"|"OFF"|"2025-07-15 21:21:55"
953|"CAM008"|"ON"|"2025-07-15 21:23:55"
954|"CAM007"|"ON"|"2025-07-15 21:31:55"
955|"CAM006"|"ON"|"2025-07-15 21:39:55"
956|"CAM006"|"OFF"|"2025-07-15 22:05:55"
957|"CAM007"|"OFF"|"2025-07-15 22:30:55"
958|"CAM010"|"ON"|"2025-07-15 23:00:55"
959|"CAM010"|"OFF"|"2025-07-15 23:27:55"
960|"CAM003"|"ON"|"2025-07-15 23:54:55"
961|"CAM006"|"ON"|"2025-07-16 13:39:37"
962|"CAM010"|"ON"|"2025-07-16 13:45:37"
963|"CAM010"|"OFF"|"2025-07-16 14:10:37"
964|"CAM009"|"ON"|"2025-07-16 14:20:52"
965|"CAM007"|"ON"|"2025-07-16 18:50:34"
966|"CAM008"|"OFF"|"2025-07-16 18:52:34"
967|"CAM003"|"OFF"|"2025-07-16 19:20:34"
968|"CAM001"|"ON"|"2025-07-16 19:37:34"
969|"CAM003"|"ON"|"2025-07-16 20:00:34"
970|"CAM008"|"ON"|"2025-07-16 20:26:34"
971|"CAM010"|"ON"|"2025-07-16 20:28:34"
972|"CAM005"|"OFF"|"2025-07-16 20:38:34"
973|"CAM010"|"OFF"|"2025-07-16 20:48:34"
974|"CAM009"|"OFF"|"2025-07-16 21:04:34"
975|"CAM004"|"OFF"|"2025-07-16 21:35:34"
976|"CAM005"|"ON"|"2025-07-16 22:03:34"
977|"CAM004"|"ON"|"2025-07-16 22:30:34"
978|"CAM001"|"OFF"|"2025-07-16 22:42:34"
979|"CAM009"|"ON"|"2025-07-16 22:55:34"
980|"CAM003"|"OFF"|"2025-07-16 23:07:34"
981|"CAM002"|"ON"|"2025-07-16 23:19:34"
982|"CAM007"|"OFF"|"2025-07-16 23:49:34"
983|"CAM005"|"OFF"|"2025-07-17 15:52:21"
984|"CAM005"|"ON"|"2025-07-17 16:20:21"
985|"CAM003"|"ON"|"2025-07-17 18:37:39"
986|"CAM010"|"ON"|"2025-07-17 19:02:08"
987|"CAM006"|"OFF"|"2025-07-17 19:26:08"
988|"CAM009"|"OFF"|"2025-07-17 19:49:08"
989|"CAM001"|"ON"|"2025-07-17 20:11:08"
990|"CAM005"|"OFF"|"2025-07-17 20:14:08"
991|"CAM009"|"ON"|"2025-07-17 20:45:08"
992|"CAM001"|"OFF"|"2025-07-17 20:51:08"
993|"CAM001"|"ON"|"2025-07-17 20:55:08"
994|"CAM008"|"OFF"|"2025-07-17 21:11:08"
995|"CAM010"|"OFF"|"2025-07-17 21:21:08"
996|"CAM005"|"ON"|"2025-07-17 21:40:08"
997|"CAM003"|"OFF"|"2025-07-17 21:45:08"
998|"CAM005"|"OFF"|"2025-07-17 21:58:08"
999|"CAM008"|"ON"|"2025-07-17 22:14:08"
1000|"CAM003"|"ON"|"2025-07-17 22:18:08"
